[
	{
		"name": "虎ノ門一丁目店",
		"postalCode": "105-0001",
		"address": "港区虎ノ門1-15-8 JLBグランエクリュ虎ノ門1階",
		"tel": "03-3591-8018",
		"hours": {
			"weekdays": "7:30 ～ 20:00",
			"saturday": "休日",
			"sunday": "休日"
		}
	},
	{
		"name": "芝公園前店",
		"postalCode": "105-0012",
		"address": "港区芝大門2-9-19 きねやビル1階",
		"tel": "03-3431-8857",
		"hours": {
			"weekdays": "7:30 ～ 21:00",
			"saturday": "11:00 ～ 20:00",
			"sunday": "休日"
		}
	},
	{
		"name": "芝店",
		"postalCode": "105-0014",
		"address": "港区芝3-17-1 グリーンハウス1階",
		"tel": "03-5442-7570",
		"hours": {
			"weekdays": "7:30 ～ 20:00",
			"saturday": "10:00 ～ 15:00",
			"sunday": "休日"
		}
	},
	{
		"name": "虎ノ門店",
		"postalCode": "105-0001",
		"address": "港区虎ノ門1-4-8 石塚ビル1階",
		"tel": "03-3519-6065",
		"hours": {
			"weekdays": "7:30 ～ 19:00",
			"saturday": "休日",
			"sunday": "休日"
		}
	},
	{
		"name": "金杉橋店",
		"postalCode": "105-0013",
		"address": "港区浜松町2-7-11 芝KSビル1階",
		"tel": "03-5405-2941",
		"hours": {
			"weekdays": "7:00 ～ 20:00",
			"saturday": "休日",
			"sunday": "休日"
		}
	},
	{
		"name": "竹芝店",
		"postalCode": "105-0022",
		"address": "港区海岸1-9-16 宮崎ビル1階",
		"tel": "03-5401-1098",
		"hours": {
			"weekdays": "7:30 ～ 21:00",
			"saturday": "休日",
			"sunday": "休日"
		}
	},
	{
		"name": "御成門店",
		"postalCode": "105-0012",
		"address": "港区芝大門1-1-21 成和大門ビル1階",
		"tel": "03-5401-0805",
		"hours": {
			"weekdays": "7:30 ～ 19:00",
			"saturday": "休日",
			"sunday": "休日"
		}
	},
	{
		"name": "芝浦店",
		"postalCode": "108-0023",
		"address": "港区芝浦3-11-9 武藤ビル1階",
		"tel": "03-3451-5641",
		"hours": {
			"weekdays": "6:30 ～ 21:00",
			"saturday": "7:30 ～ 16:00",
			"sunday": "休日"
		}
	},
	{
		"name": "六本木店",
		"postalCode": "106-0032",
		"address": "港区六本木4-10-8 六本木パーレットビル",
		"tel": "03-3478-8050",
		"hours": {
			"weekdays": "7:00 ～ 21:00",
			"saturday": "休日",
			"sunday": "休日"
		}
	},
	{
		"name": "赤坂店",
		"postalCode": "107-0052",
		"address": "港区赤坂3-13-6 国際天野ビル1階",
		"tel": "03-3582-7205",
		"hours": {
			"weekdays": "7:30 ～ 21:00",
			"saturday": "休日",
			"sunday": "休日"
		}
	},
	{
		"name": "新橋店",
		"postalCode": "105-0004",
		"address": "港区新橋2-16-1 ニュー新橋ビル1階",
		"tel": "03-3504-8533",
		"hours": {
			"weekdays": "7:00 ～ 22:00",
			"saturday": "7:00 ～ 21:00",
			"sunday": "7:00 ～ 21:00"
		}
	},
	{
		"name": "西新橋店",
		"postalCode": "105-0003",
		"address": "港区西新橋2-23-3 神山ビル1階",
		"tel": "03-3436-1227",
		"hours": {
			"weekdays": "6:30 ～ 21:00",
			"saturday": "7:00 ～ 15:00",
			"sunday": "休日"
		}
	},
	{
		"name": "西新橋一丁目店",
		"postalCode": "105-0003",
		"address": "港区西新橋1ｰ21-8 新虎ビルヂング",
		"tel": "03-3504-0170",
		"hours": {
			"weekdays": "7:30 ～ 19:00",
			"saturday": "休日",
			"sunday": "休日"
		}
	},
	{
		"name": "三田店",
		"postalCode": "108-0014",
		"address": "港区芝5-17-2 エステート芝1階",
		"tel": "03-3457-2045",
		"hours": {
			"weekdays": "7:00 ～ 21:00",
			"saturday": "10:00 ～ 15:00",
			"sunday": "休日"
		}
	}
]